Year,NAME,X Longitude,Y Latitude,Z Altitude,Mean Diurnal Range,Isothermality 2/7,Temperature Seasonality (C of V),Max Temperature of Warmest Period,Min Temperature of Coldest Period,  Temperature Annual Range (5-6), Mean Temperatre of Wettest Quarter,Mean Temperature of Driest Quarter,Mean Temperature of Warmest Quarter,Mean Temperature of Coldest Quarter,Annual Precipitation,Precipitation of Wettest Period,Precipitation of Driest Period,Precipitation Seasonality (C of V),Precipitation of Wettest Quarter,Precipitation of Driest Quarter,Precipitation of Warmest Quarter,Precipitation of Coldest Quarter,  Julian day number of start of growing season,Julian day number at end of growing season, Number of days of growing season,Total precipitation for period 1,Total precipitation for period 3,gdd above base_temp for period 3,Annual mean temperature, Annual minimum temperature,Annual maximum temperature,Mean temperature for period 3,Temperature range for period 3,January mean monthly minimum temperature,February mean monthly minimum temperature,March mean monthly minimum temperature,April mean monthly minimum temperature,May mean monthly minimum temperature,June mean monthly minimum temperature,July mean monthly minimum temperature,August mean monthly minimum temperature,September mean monthly minimum temperature,October mean monthly minimum temperature,November mean monthly minimum temperature,December mean monthly minimum temperature,January mean monthly maximum temperature,February mean monthly maximum temperature,March mean monthly maximum temperature,April mean monthly maximum temperature,May mean monthly maximum temperature,June mean monthly maximum temperature,July mean monthly maximum temperature,August mean monthly maximum temperature,September mean monthly maximum temperature,October mean monthly maximum temperature,November mean monthly maximum temperature,December mean monthly maximum temperature,January mean monthly precipitation,February mean monthly precipitation,March mean monthly precipitation,April mean monthly precipitation,May mean monthly precipitation,June mean monthly precipitation,July mean monthly precipitation,August mean monthly precipitation,September mean monthly precipitation,October mean monthly precipitation,November mean monthly precipitation,December mean monthly precipitation,January last day snow depth,February last day snow depth,March last day snow depth,April last day snow depth,May last day snow depth,June last day snow depth,July last day snow depth,August last day snow depth,September last day snow depth,October last day snow depth,November last day snow depth,December last day snow depth
1901,CENTER,-91.304131,49.849915,399,13.2,0.27,4.99,23.1,-26.5,49.6,15.2,-17.7,15.2,-17.7,649,158,14,77,319,57,319,57,119,288,170,93.7,454.7,1169,0.03,-6.55,6.62,12.39,24.67,-25.99,-26.51,-17.55,-3.88,2.23,6.43,10.68,8.27,2.8,-2.01,-12.68,-20.38,-11.78,-11.4,-4.29,9.38,17.95,20.11,23.12,22.51,16.29,10.26,-2.69,-10.05,20.38,13.69,47.94,32.49,33.84,158.1,107,53.78,72.73,50.99,35.61,22.91,,,,,,,,,,,,
1902,CENTER,-91.304131,49.849915,399,12.5,0.27,4.2,23.4,-23.3,46.7,13.4,-11.6,13.4,-15.1,604,83,20,43,223,73,223,77,128,278,151,94,350.6,906,0.35,-5.88,6.58,11.5,25.74,-23.31,-19.79,-11.2,-6.22,2.02,3.77,9.19,6.26,2.5,-3.18,-8.85,-21.73,-9.32,-6.59,0.63,6.47,14.76,17.14,23.39,20.41,14.7,8.32,-0.85,-10.15,23.28,19.51,30.45,33.97,74.33,64.15,76.36,82.64,58.58,51.74,54.53,34.27,,,,,,,,,,,,
1903,CENTER,-91.304131,49.849915,399,12.9,0.28,4.69,21.3,-25.3,46.7,11.8,-14.8,13.2,-18.2,699,109,19,52,293,81,220,84,130,287,158,119.5,427,870,-0.93,-7.39,5.52,10.99,22.98,-25.28,-25.32,-14.71,-5.82,1.02,4.9,8.23,6.44,2.22,-2.33,-13.05,-24.98,-12.04,-9.34,-2.24,6.36,13.87,19.94,21.34,18.45,14.22,10.66,-2.58,-12.38,24.84,18.72,36.98,44.94,88.37,36.34,95.21,88.32,109.43,65.04,50.42,40.01,,,,,,,,,,,,
1904,CENTER,-91.304131,49.849915,399,12.3,0.24,5.01,20.7,-30.7,51.3,11.6,-13.4,13.1,-20.2,614,97,15,56,242,77,240,82,132,293,162,100.5,412.4,859,-1.49,-7.62,4.64,10.67,22.14,-27.71,-30.66,-18.46,-7.61,0.71,5.91,7.06,6.23,2.85,-0.8,-6.96,-21.99,-14.93,-15.38,-5.53,4.36,14.83,19.56,20.66,19.43,13.58,7.7,2.25,-10.81,16.53,20.21,51.45,17.35,60.35,80.18,96.85,63.1,82.21,65.79,15.14,45.18,,,,,,,,,,,,
1905,CENTER,-91.304131,49.849915,399,12.4,0.25,4.74,22.2,-27.6,49.8,11.3,-17.2,14.4,-17.2,663,108,12,64,279,42,278,42,137,281,145,109.8,434.5,1054,-0.27,-6.49,5.95,12.76,23.94,-27.63,-25.35,-14.95,-6.53,-0.35,5.03,8.44,8.99,6.12,-3.35,-10.15,-18.17,-14.28,-10.98,-2.07,4.9,12.93,19.5,22.2,22,18.15,6.66,-1,-6.62,15.21,11.54,34.16,40.69,63.8,108.05,106.77,63.05,103.1,55.38,46.05,14.76,,,,,,,,,,,,
1906,CENTER,-91.304131,49.849915,399,12.5,0.26,4.76,23.2,-25.3,48.4,11.9,-9.6,14.9,-16.1,633,119,12,61,250,57,245,79,135,284,150,82.8,373,1121,0.24,-6,6.49,12.95,24.91,-20.97,-25.29,-20.51,-4.23,0.15,6.93,8.34,8.37,6.09,-2.14,-7.78,-20.98,-8.49,-10.25,-6.24,8.74,12.52,20.34,23.15,22,19.3,8.07,-0.72,-10.58,30.32,12.24,24.87,19.67,85.88,119.24,44.77,81.44,58.94,42.09,76.22,36.91,,,,,,,,,,,,
1907,CENTER,-91.304131,49.849915,399,12.1,0.24,4.6,21.7,-29.2,50.9,12.1,-4.9,13.7,-17.1,567,89,16,49,243,78,195,85,153,277,125,138.1,285.5,847,-1.66,-7.72,4.39,12.24,24.12,-29.19,-24.58,-16.55,-11.41,-5.05,5.8,8.25,7.01,3.42,-3.77,-9.68,-16.88,-16.12,-9.95,-3.56,-0.1,6.47,20.71,21.68,18.76,13.69,7.96,-0.84,-5.98,45.05,23.13,51.42,44.64,44.6,38.01,67.46,89.07,86.01,24.36,37.21,16.4,,,,,,,,,,,,
1908,CENTER,-91.304131,49.849915,399,12.3,0.27,4.56,22.9,-22.3,45.2,12.3,-11.6,14.3,-15.2,623,97,24,41,243,91,202,108,129,294,166,160.1,351.1,1132,0.61,-5.54,6.76,12.24,24.69,-22.32,-20.68,-19.07,-6.01,1.44,6.23,9.07,7.21,6.35,-0.05,-8.59,-20.1,-9.35,-8.8,-5.06,6.88,14.37,19.75,22.89,20.37,19.33,9.72,0.81,-9.77,23.57,50.31,43.23,54.78,97.48,77.67,68.23,55.86,51.8,32.65,33.41,34.37,,,,,,,,,,,,
1909,CENTER,-91.304131,49.849915,399,12.6,0.25,4.87,23.3,-27.5,50.8,14,-10.6,15.3,-17.8,640,105,25,47,268,107,231,133,138,288,151,108.7,338.1,1095,-0.38,-6.7,5.95,12.66,24.76,-27.53,-26.3,-15.97,-9.87,-0.67,6.24,8.93,9.78,3.34,-1.52,-8.24,-18.54,-13.13,-11.04,-2.33,2.18,13.5,21.91,23.3,21.82,16.63,8.12,0.46,-10.07,45.92,37.42,24.6,45.23,41.53,26.15,105.44,99.24,63.58,52.31,49.7,49.35,,,,,,,,,,,,
1910,CENTER,-91.304131,49.849915,399,13.1,0.25,4.67,24.6,-27,51.6,13.2,-17,15.4,-17,530,97,17,53,222,82,168,82,144,291,148,129,266.5,1074,0.71,-5.85,7.28,12.78,27.68,-22.81,-26.96,-9.25,-3.92,-1.1,7.82,9.1,6.44,2.96,-1.23,-10.06,-21.22,-10.09,-11.7,4.5,9.39,12.53,24.6,23.82,20.78,15.92,10.6,-3.74,-9.29,17.35,29.77,37.86,56.12,35.67,20.45,97.4,50.22,74.47,26.67,49.74,34.75,,,,,,,,,,,,
1911,CENTER,-91.304131,49.849915,399,12.8,0.25,4.67,21.8,-30,51.8,14.4,-14.6,14.4,-16,741,106,32,47,296,119,296,130,128,288,161,127.6,467.1,1025,-0.09,-6.48,6.31,11.8,23.37,-29.98,-20.76,-15.32,-6.12,2.21,7.85,8.44,7.09,2.04,-2.39,-14.76,-16.11,-14.99,-7.22,-0.73,7.81,16.37,21.42,21.78,20.1,14.63,8.03,-4.54,-6.98,33.14,55.47,34.4,31.97,91.47,94.92,95.32,105.9,76.28,36.32,44.65,41.51,,,,,,,,,,,,
1912,CENTER,-91.304131,49.849915,399,13.1,0.24,5.08,21.6,-33.6,55.3,12.4,-19.5,13.2,-19.5,573,115,13,65,265,54,185,54,133,285,153,117.3,360.7,919,-1.13,-7.67,5.41,11.49,23.38,-33.63,-24.86,-22.37,-7.15,0.19,4.47,8.28,6.27,4.62,-1.84,-7.64,-18.37,-20.31,-11.11,-4.86,7.08,14.09,20.96,21.63,17.84,15.62,10.33,0.85,-7.22,13.18,13.69,27.54,55.56,63.16,34.9,88.46,61.38,114.71,42.82,16.85,40.62,,,,,,,,,,,,
1913,CENTER,-91.304131,49.849915,399,13.3,0.26,4.83,23.1,-27.7,50.8,15,-16.1,15,-18.2,667,111,0,59,263,51,263,102,113,285,173,98.8,453.6,1051,0.32,-6.31,6.96,11.51,25.88,-27.59,-27.67,-21.27,-3.6,-0.33,6.81,7.49,8.56,3.63,-1.81,-6.92,-13.05,-13.48,-12.82,-6.43,9.41,13.41,23.12,21.88,22.15,16.21,9.07,2.76,-1.78,20.95,20.77,60.39,19.86,86.27,64.62,110.55,88.01,63.26,81.4,41.89,9.37,,,,,,,,,,,,
1914,CENTER,-91.304131,49.849915,399,13.4,0.23,5.11,25.7,-31.3,57,14.8,-11.3,15.6,-18.1,581,84,17,50,237,74,219,80,129,298,170,83.4,389,1300,0.39,-6.29,7.07,13.15,27.76,-21.96,-31.32,-16.88,-8,2.38,6.45,10.91,7.85,4.71,1.15,-10.09,-20.72,-8.99,-14.41,-2.2,4.98,16.94,21.14,25.66,21.85,17.95,13.08,-0.07,-11.12,39.87,17.49,26.25,30.54,66.47,66.22,83.41,69.3,84.23,40.77,34.62,22.18,,,,,,,,,,,,
1915,CENTER,-91.304131,49.849915,399,11.5,0.24,4.35,23.7,-24.1,47.8,12.1,-12.4,14.8,-14.4,720,164,12,68,289,64,286,103,104,293,190,73.4,507.8,1083,1.42,-4.35,7.19,11.19,25.8,-24.08,-17.68,-14.33,-0.27,1.5,4.46,11.33,8.72,3.65,-0.58,-6.81,-18.12,-12.34,-5.59,-0.41,11.46,13.9,17.8,23.71,22.71,15.41,9.31,-0.9,-8.72,16.97,34.72,11.89,48.24,54.14,163.51,71.2,50.8,107.64,45.39,64,51.3,,,,,,,,,,,,
1916,CENTER,-91.304131,49.849915,399,12.3,0.23,5.29,26.9,-27.4,54.3,9.3,-10.8,16.1,-19.5,755,113,0,52,296,108,208,126,135,285,151,139.9,407.3,1126,-0.85,-6.99,5.3,12.9,29.75,-26.34,-27.41,-21.72,-5.4,0.3,6.28,13.19,9.57,3.62,-2.1,-9.31,-24.59,-14.15,-11.84,-4.93,6.33,11.98,18.12,26.92,22.52,14.96,7.09,-0.59,-12.85,78.57,6.7,36.41,64.41,86.1,70.97,56.97,80.22,103.71,112.51,17.87,41.01,,,,,,,,,,,,
1917,CENTER,-91.304131,49.849915,399,12,0.22,5.5,24.2,-31.5,55.7,7.6,-1,14.4,-23,509,88,10,57,211,78,197,97,141,276,136,83.1,253.6,1014,-1.85,-7.86,4.16,12.92,26.51,-31.54,-29.3,-15.4,-6.62,-1.12,4.83,11.31,7.24,5.23,-4.76,-6.55,-27.6,-18.42,-16.05,-2.26,3.59,15.69,18.94,24.19,19.65,16.08,2.33,1.3,-15.08,28.93,32.04,45.81,21.95,10.42,49.17,60.25,87.56,43.83,79.76,13.93,35.84,,,,,,,,,,,,
1918,CENTER,-91.304131,49.849915,399,11.4,0.22,4.72,22.5,-28.6,51,14.6,-8.3,14.6,-17.7,617,100,17,44,204,86,204,115,131,301,171,92.1,373.3,965,0.29,-5.43,6,11.03,24.37,-28.58,-27.32,-13.11,-5.16,1.23,6.52,9.23,9.36,2.63,0.56,-4.5,-15.99,-16.02,-12.09,0.59,7.17,12.47,18.02,22.46,21.74,13.42,8.94,1.74,-6.39,37.32,33.47,16.95,35.56,60.94,67.05,68.69,68.01,34.23,99.98,50.93,44.21,,,,,,,,,,,,
1919,CENTER,-91.304131,49.849915,399,12.1,0.24,5.06,24.6,-26.5,51.1,14.9,-16.1,17.2,-16.1,627,107,12,61,300,70,267,70,119,279,161,113.2,390.7,1397,0.66,-5.37,6.69,14.12,26.01,-19.59,-19.33,-16.87,-3.87,2.86,11.11,11.19,10.28,4.69,-4.11,-14.32,-26.5,-7.82,-7.96,-3.25,7.63,18.84,23.45,24.6,22.85,16,5.48,-4.3,-15.18,12.45,32.23,48.27,32.44,22.49,54.59,105.47,107.35,87.56,44.82,53.55,25.31,,,,,,,,,,,,
1920,CENTER,-91.304131,49.849915,399,13.5,0.25,5,24.8,-29.6,54.4,15.2,-8.4,15.8,-16.6,588,81,18,42,217,99,210,113,130,300,171,104.8,366.9,1421,1.29,-5.45,8.03,13.81,26.81,-29.65,-23.24,-14.4,-7.75,1.9,7.5,8.02,8.8,5.84,1.91,-9.02,-15.27,-16.95,-8.27,0.19,3.18,17.55,22.49,23.32,24.79,20.45,16.1,-0.05,-6.42,38.11,26.86,44.81,26.9,57.55,70.21,81.44,57.87,77.81,39.82,18.23,48.07,,,,,,,,,,,,
1921,CENTER,-91.304131,49.849915,399,13,0.26,4.77,27.8,-22.1,49.9,15.7,-12,17.7,-13.4,646,121,23,61,301,90,211,94,119,295,177,135.7,415.8,1506,2.06,-4.42,8.54,13.96,30.09,-22.12,-18.64,-17.16,-3.83,2.5,10.38,13.04,7.28,5.56,0.03,-12.46,-17.61,-7.8,-6.09,-3.15,8.91,18.72,24.94,27.81,22.68,17.8,10.44,-3.93,-7.89,22.78,43.96,38.8,53.24,54.81,28.69,121.37,61.27,118.1,36.29,39.55,27.5,,,,,,,,,,,,
1922,CENTER,-91.304131,49.849915,399,12.8,0.27,5.01,22.8,-25.2,48,15.3,-14.5,15.3,-18.2,608,114,24,50,254,95,254,118,119,279,161,107.3,353.6,1343,1.06,-5.32,7.44,13.87,24.76,-25.23,-24.74,-13.29,-3.62,5.45,7.35,9.14,8.85,4.73,-2.83,-5.48,-24.22,-12.05,-11.06,-0.43,7.19,21.36,21.62,22.23,22.78,18.8,9.39,1.56,-12.12,23.69,34.9,36.35,35.74,38.78,65.4,114.41,73.83,52.38,25.51,47.95,59.27,,,,,,,,,,,,
1923,CENTER,-91.304131,49.849915,399,13.1,0.25,5.1,25.6,-27.5,53.1,16.2,-16.3,16.2,-18.3,604,115,23,58,276,78,276,101,133,287,155,107.4,382,1264,0.45,-6.1,6.99,13.61,27.82,-26.74,-27.51,-23.26,-8.52,1.29,9.46,11.52,6.23,5.18,-1.22,-5.19,-14.4,-10.7,-13.07,-8.63,5.57,17.54,24.7,25.62,19.56,16.55,9.32,2.78,-5.39,30.26,23.37,47.35,36.27,27.09,72.77,115.47,88.14,62.52,50.18,25.85,24.53,,,,,,,,,,,,
1924,CENTER,-91.304131,49.849915,399,12.1,0.23,4.95,22.1,-29.7,51.8,12.8,-15,13.3,-19.4,589,92,17,60,260,69,233,78,145,299,155,118.3,357.3,923,-0.93,-6.98,5.13,11.48,24.09,-29.72,-20.64,-14.72,-4.76,-1.39,3.78,8.17,7.42,2.94,1.28,-10.43,-25.68,-17.6,-6.32,-0.77,5.32,10.76,18.41,22.12,20.18,15.78,13.56,-3.25,-16.67,33.02,18.8,17.3,84.37,18.99,53.11,87.9,91.66,80.78,44.64,32.46,26.33,,,,,,,,,,,,
1925,CENTER,-91.304131,49.849915,399,11.8,0.25,4.76,21.8,-26.2,48,14.3,-7.8,14.3,-17.8,620,122,26,55,263,90,263,108,141,276,136,102.7,363.6,957,-0.9,-6.81,5.01,12.49,24.21,-26.24,-25.04,-18.08,-3.76,-0.5,6.76,8.43,8.82,4.46,-5.11,-11.01,-20.48,-13.32,-10.67,-2.83,8.53,11.95,18.05,21.76,21.76,14.95,2.04,-0.82,-11.33,48.62,31.08,46.07,30.46,35.39,122.39,65.91,74.81,75.78,34.64,26.08,28.8,,,,,,,,,,,,
1926,CENTER,-91.304131,49.849915,399,12.7,0.27,4.74,23.6,-23.6,47.2,0.3,-1.6,14.4,-16.3,755,135,17,62,323,79,240,113,131,288,158,76.4,455.4,1020,-0.79,-7.13,5.55,11.85,25.61,-23.53,-21.89,-19.3,-9.41,1.17,4.96,9.06,8.79,3.48,-2.02,-13.32,-23.59,-10.33,-7.68,-4.58,4.93,17.75,17.99,23.58,21.92,13.2,6.47,-5.83,-10.87,35.4,35.4,29.3,17.01,32.83,121.4,63.76,54.78,134.95,104.11,83.6,42.4,,,,,,,,,,,,
1927,CENTER,-91.304131,49.849915,399,12.2,0.25,4.8,22.9,-26,48.9,11.5,-13.1,13.9,-18,628,91,11,50,261,68,234,74,133,293,161,133.3,388.8,1045,-0.17,-6.25,5.91,11.96,24.78,-25.97,-22.2,-11.93,-5,0.82,5.92,8.52,6.56,6.71,-0.31,-13,-25.06,-12.45,-7.79,1.54,6.56,12.21,18.75,22.91,20.58,17.61,9.93,-4.24,-14.73,11.2,32.05,25.05,54.92,90.07,79.63,91.33,62.8,60.11,55.54,34.45,31.16,,,,,,,,,,,,
1928,CENTER,-91.304131,49.849915,399,12.1,0.26,4.4,22.1,-23.5,45.7,14.3,-14.6,14.3,-14.6,597,116,0,78,324,45,324,45,129,291,163,87.5,439,1028,0.41,-5.64,6.45,11.8,23.96,-23.53,-23.46,-17.7,-9.47,2.44,6.12,9.71,8.33,3.46,-0.97,-7.25,-15.35,-10.96,-8.9,-2.54,3.38,16.87,17.91,22.13,21.34,13.99,8.86,0.58,-5.26,15.44,8.99,41.97,34.47,20.12,106.91,100.93,115.71,69.34,45.92,16.8,20.86,,,,,,,,,,,,
1929,CENTER,-91.304131,49.849915,399,13,0.24,5.24,24.1,-30.7,54.8,13.7,6.5,14.9,-20.8,480,80,19,47,176,90,136,90,139,291,153,97.4,255.9,1016,-1.1,-7.62,5.42,12.11,26.19,-30.7,-27.8,-14.76,-5.35,-0.64,5.01,9.32,7.24,3.4,-1.47,-12.53,-23.15,-18.38,-12.02,-0.31,7.49,12.17,20.37,24.11,23.44,14.63,9.77,-3.63,-12.65,25.75,18.63,51.04,22.75,27.18,39.87,67.92,28.45,79.87,41.88,30.77,45.91,,,,,,,,,,,,
1930,CENTER,-91.304131,49.849915,399,12.7,0.22,4.9,25.3,-31.3,56.7,13.6,-15.2,16.5,-16.3,587,88,14,51,229,70,221,74,127,289,163,78.9,372.3,1270,1.04,-5.33,7.4,13.2,28.16,-31.34,-19.33,-15.33,-5.18,2.23,7.9,10,9.44,4.66,-1.34,-8.49,-17.12,-16.74,-6.63,-1.61,8.68,15.38,22.33,24,25.35,15.97,8.42,0.31,-6.62,13.64,25.57,30.59,18.48,56.49,88.23,84.37,48.84,74.19,52.91,59.53,34.64,,,,,,,,,,,,
1931,CENTER,-91.304131,49.849915,399,12.2,0.27,4.13,24,-21.2,45.2,15.3,-5.4,16.1,-11.3,624,103,0,61,251,48,211,51,129,303,175,61.3,442,1352,2.98,-3.12,9.08,13.16,25.45,-21.2,-17.6,-13.89,-5.04,1.54,8.65,10.09,9.04,7.15,2.01,-4.78,-13.45,-8.62,-3.2,-1.29,8.66,13.67,22.33,24.03,22.61,18.98,13.19,2.44,-3.85,28.89,7.58,16.67,23.29,78.84,62.73,70.9,77.05,102.63,68.87,71.73,14.8,,,,,,,,,,,,
1932,CENTER,-91.304131,49.849915,399,12.7,0.26,4.97,24.1,-24.4,48.5,16.5,-1.3,16.5,-15.5,679,94,22,44,259,109,259,113,129,288,160,119.8,356.4,1305,0.33,-6.03,6.69,13.55,26.36,-18.6,-22.36,-21.53,-6.51,1.92,9.24,10.08,10.3,4.71,-2.06,-13.19,-24.41,-7.73,-8.48,-6.38,7.02,17.67,24.06,22.82,22.65,17.06,6.19,-3.5,-11.15,49.47,41.16,51,32.32,25.44,78.21,86.98,93.81,48.44,65.5,85,22.17,,,,,,,,,,,,
1933,CENTER,-91.304131,49.849915,399,12.8,0.24,5.51,25.6,-28.1,53.7,0.6,-9.7,17.5,-19.2,721,129,28,45,271,110,198,124,127,282,156,112.6,387.5,1416,-0.31,-6.7,6.09,14.55,27.57,-24.22,-25.87,-17.11,-5.7,2.78,9.97,12.01,9.06,5.79,-3.79,-15.24,-28.13,-10.52,-11.74,-3.15,5.51,16.9,24.96,25.56,23.2,17.56,5.73,-6.46,-14.5,46.27,28.03,40.94,41.03,46.41,73.03,47.65,77.6,128.7,61.27,81.07,49.43,,,,,,,,,,,,
1934,CENTER,-91.304131,49.849915,399,11.6,0.22,4.89,23.5,-28.8,52.3,14.7,-17.5,14.7,-17.5,705,129,18,55,289,90,289,90,127,298,172,101,467.9,1086,-0.15,-5.95,5.65,11.77,25.78,-21.82,-28.79,-20.28,-5.42,2.14,7.78,10.66,7.55,4.37,0.37,-6.39,-21.62,-9.96,-12.22,-5.08,3.52,16.38,19.09,23.51,19.63,14.03,9.4,0.22,-10.7,39.72,18.38,32.07,46.8,47.55,129.36,86.09,73.91,57.18,97.89,43.99,31.72,,,,,,,,,,,,
1935,CENTER,-91.304131,49.849915,399,12.1,0.22,4.91,26.1,-29.1,55.3,15.1,-7.2,16.1,-16.2,749,149,21,62,342,100,332,113,133,292,160,100.4,481.4,1174,0.17,-5.88,6.22,12.75,28.96,-29.15,-20.15,-15.73,-6.95,0.56,6.21,13.41,10.84,3.51,-1.26,-13.57,-18.34,-16.13,-5.07,-2.32,6.77,15.54,18.42,26.14,21.72,14.89,7.73,-4.84,-8.26,66.66,21.31,57.15,21.82,32.87,76.2,149.07,107.13,86.22,60.94,44.52,24.64,,,,,,,,,,,,
1936,CENTER,-91.304131,49.849915,399,12.3,0.21,5.5,28.3,-30.1,58.4,16.2,-19.7,16.8,-19.7,576,96,17,46,218,105,160,105,131,279,149,131.5,302.3,1328,-0.74,-6.91,5.42,14.36,31.25,-28.65,-30.12,-13.16,-9.76,1.81,6.09,13.24,9.97,5.89,-4.68,-14.89,-18.7,-16.68,-16.48,-1.93,3.11,16.02,20.2,28.27,22.88,17.12,4.53,-4.37,-7.59,17.49,25.7,65.92,31.02,50.33,37.67,57.98,64.57,95.9,36.57,31.27,61.47,,,,,,,,,,,,
1937,CENTER,-91.304131,49.849915,399,12.2,0.22,5.38,24.8,-30.8,55.6,15.7,-16.5,17.4,-19,712,104,12,43,278,117,241,154,125,288,164,129.3,408.3,1369,0.24,-5.85,6.33,13.77,27.06,-30.79,-22.58,-17.81,-4.6,2.67,8.61,12.29,11.91,4.65,-1.45,-9.27,-23.78,-16.81,-8.28,-2.51,6.48,17.07,22.18,24.84,24.55,15.66,6.59,-2.26,-11.58,53.14,51.74,12.43,61.34,76.25,43.97,103.84,93.32,81.28,35.03,50.62,49.29,,,,,,,,,,,,
1938,CENTER,-91.304131,49.849915,399,12,0.24,4.77,24,-26,50,7.7,-15.8,16.3,-15.8,665,97,18,57,267,83,247,83,126,299,174,184.5,339.3,1344,1.4,-4.62,7.42,13.21,26.06,-26,-22.63,-11.67,-5.96,3.22,7.43,10.86,11.25,4.88,1.61,-11.46,-16.96,-13.16,-7.29,2.56,6.04,14.86,20.4,24.03,23.67,17.74,12.23,-3.41,-8.59,18.23,36.78,41.42,97.15,75.5,94,73.63,79.61,18.73,18.06,83.94,27.87,,,,,,,,,,,,
1939,CENTER,-91.304131,49.849915,399,11.5,0.21,4.89,25.7,-27.8,53.5,16.8,-8.6,16.8,-16.4,654,102,0,63,259,51,259,119,129,282,154,104.9,422,1316,0.96,-4.78,6.69,13.96,27.7,-21.55,-27.82,-18.63,-7.88,2.61,8.28,11.52,11.05,5.46,-2.25,-6.07,-12.11,-10.22,-15.44,-4.55,5.24,15.55,20.65,25.66,23.93,16.1,5.09,2.17,-3.86,29.33,63.99,25.97,18.97,54.94,101.64,89.93,67.64,89.17,90.84,6.13,15.17,,,,,,,,,,,,
1940,CENTER,-91.304131,49.849915,399,12,0.25,4.73,25.5,-22,47.6,4.1,-14.1,16.4,-14.1,459,77,19,49,148,67,90,67,130,297,168,121.8,196.2,1358,1.27,-4.71,7.25,13.56,27.78,-22.04,-18.78,-18.15,-6.22,1.36,6.63,11.03,10.67,7.15,1.07,-11.26,-17.95,-11.73,-6.32,-3.87,6.05,14.33,19.59,25.52,23.62,20.59,10.64,-3.76,-7.61,24.31,23.88,29.23,64.71,29.31,50.19,41.48,28.55,20.18,51.23,76.7,19.3,,,,,,,,,,,,
1941,CENTER,-91.304131,49.849915,399,12.1,0.24,4.69,26.4,-23.9,50.3,15.1,-5.7,17.2,-14.1,924,278,19,95,431,69,291,114,110,292,183,76.2,736.7,1473,2.37,-3.69,8.44,13.53,28.34,-23.92,-20.74,-14.88,-1.8,5.11,9.8,11.92,9.19,6.34,-0.47,-8.88,-15.98,-10.49,-7.82,-1.12,12.31,18.42,24,26.38,21.64,15.34,9.68,-1.3,-5.74,61.36,25.14,19.48,23.9,111.33,137.29,64.26,89.11,277.62,49.33,37.78,27.46,,,,,,,,,,,,
1942,CENTER,-91.304131,49.849915,399,12.2,0.27,4.54,22.3,-23.3,45.6,13.8,-15.6,15.7,-15.6,604,121,19,62,288,74,266,74,112,295,184,80,438.4,1178,1.47,-4.62,7.55,11.85,24.26,-20.26,-21.32,-10.67,-2.03,0.96,8.58,9.61,10.3,3.84,-0.19,-10.96,-23.31,-8.94,-7.42,3.06,11.52,14.92,21.84,22.27,21.88,14.81,10.88,-1.99,-12.21,23.96,18.98,34.13,30.5,56.66,52.66,92.7,120.69,74.53,40.02,28.38,30.9,,,,,,,,,,,,
1943,CENTER,-91.304131,49.849915,399,12.4,0.23,5.16,26.2,-28.5,54.7,15.4,-9.3,16.6,-17.3,780,128,16,61,310,82,310,137,131,297,167,89.8,531,1285,0.24,-5.96,6.45,13.15,28.92,-28.48,-22.57,-21.01,-6.48,1.3,7.71,12.98,10.86,4.39,0.4,-10.07,-20.59,-16.27,-7.63,-4.84,6.74,14.35,19.44,26.24,22.66,15.38,11.9,-2.07,-8.51,68.37,37.8,16.48,28.09,86.88,128.25,91.11,90.14,128.27,34.73,39.49,30.38,,,,,,,,,,,,
1944,CENTER,-91.304131,49.849915,399,11.8,0.24,4.58,24,-24.8,48.8,16.2,-13.9,16.2,-13.9,743,129,0,72,379,70,379,70,126,286,161,110.2,510.5,1332,1.82,-4.08,7.72,13.77,25.72,-16.66,-24.78,-16.99,-6.98,3.71,7.41,11.98,11.04,6.3,-1.11,-4.64,-18.23,-4.83,-9.96,-4.62,9.12,16.99,20.6,24.04,22.39,16.63,10.85,0.24,-8.76,18.63,25.09,74.7,6.23,69.77,121.73,128.72,128.23,59.12,22.24,62.35,26.58,,,,,,,,,,,,
1945,CENTER,-91.304131,49.849915,399,11.2,0.24,4.64,23.3,-24.5,47.8,14.6,-16.5,15.6,-16.5,693,132,23,55,250,104,209,104,143,288,146,140.3,372.7,1099,0.51,-5.11,6.13,13,25.45,-24.51,-20.44,-8.81,-6.17,-1.16,6.58,10.42,10.81,5.21,-1.56,-10,-21.72,-13.75,-7.24,4.09,4.43,12.02,19.85,23.3,22.94,14.63,8.65,-3.77,-11.58,23.34,54.6,41.85,71.33,24.74,91.35,55.28,62.44,131.81,35.17,75.66,25.77,,,,,,,,,,,,
1946,CENTER,-91.304131,49.849915,399,12,0.23,4.82,24.6,-26.9,51.5,10.3,-12.9,15.8,-17.4,706,112,31,44,276,116,215,129,126,294,169,139.5,411.3,1213,1.01,-4.97,6.99,12.6,26.72,-22.98,-26.92,-9.98,-3.44,1.21,7.33,10.93,9.5,5.38,-0.36,-10.61,-19.65,-12.41,-11.87,4.5,7.84,14.9,20.68,24.58,21.69,16.93,8.74,-0.84,-10.81,45.01,52.87,30.64,56.92,33.11,80.82,59.49,74.98,88.77,111.95,40.16,31.27,,,,,,,,,,,,
1947,CENTER,-91.304131,49.849915,399,12.3,0.25,4.95,26,-24.1,50.1,16,-9.3,16.9,-16.3,700,120,26,49,256,102,236,140,138,302,165,103.2,407.9,1341,0.77,-5.37,6.91,13.6,28.57,-24.08,-23.84,-16.68,-8.13,-0.49,6.12,12.14,12.5,4.74,3.18,-9.62,-20.27,-9.34,-10.26,-1.35,4.51,12.17,19.61,26,24.9,15.6,14.57,-3.27,-10.19,39.11,39.3,28.16,34.64,52.51,100.3,69.23,66.66,119.83,26.22,61.81,62.05,,,,,,,,,,,,
1948,CENTER,-91.304131,49.849915,399,12.3,0.25,5.04,24.2,-25.5,49.7,16.5,-15.8,16.5,-17,579,89,19,47,234,89,234,104,128,296,169,122.5,306.4,1409,1.3,-4.84,7.44,13.82,25.84,-25.51,-25.06,-16.92,-4.94,1.47,7.33,11.61,11.35,6.33,0.34,-5.79,-18.24,-13.49,-11.3,-2.42,6.75,16.2,20.77,24.21,24.01,20.97,12.01,-0.14,-8.28,18.84,27.11,43.25,50.28,26.48,67.36,89.05,77.41,36.68,25.09,59.66,57.97,,,,,,,,,,,,
1949,CENTER,-91.304131,49.849915,399,11.8,0.23,5.13,24.6,-27.6,52.3,2.8,-8.9,17.4,-17.5,708,107,21,45,246,87,235,131,111,296,186,95.7,442.5,1339,0.83,-5.07,6.74,12.63,27.49,-23.51,-27.64,-18.18,-2.76,2.03,9.64,11.83,12.32,4.17,0.21,-8.41,-20.58,-11.45,-11.5,-3.49,9.92,16.06,21.99,24.17,24.65,13.83,8.89,-2.1,-10.09,50.15,35.99,29.9,20.86,44.74,81.59,96.12,57.53,72.9,106.88,66.19,45.03,,,,,,,,,,,,
1950,CENTER,-91.304131,49.849915,399,11.7,0.22,5.29,22.8,-30.7,53.5,12.2,-18,14.4,-19.9,862,126,28,39,332,121,294,141,133,298,166,158.5,495.9,1094,-1.33,-7.18,4.52,12.05,24.75,-30.67,-23.69,-20.5,-9.35,0.83,6.45,10.98,7.14,5.87,1.32,-10.25,-24.33,-19.14,-9.16,-4.63,1.79,13.57,18.69,22.81,20.15,17.3,9.23,-4.16,-12.18,53.18,27.65,40.15,64.99,107.56,125.54,99.32,69.42,65.51,81.35,66.57,60.28,,,,,,,,,,,,
1951,CENTER,-91.304131,49.849915,399,11.1,0.22,4.86,23.6,-25.9,49.4,8.9,-16.8,15.2,-16.8,720,108,22,47,268,93,250,93,123,292,170,134.9,446.3,1178,0.06,-5.47,5.6,12.33,25.63,-25.89,-19.79,-15.82,-4.76,4.05,7.82,10.34,8.89,4.65,-1.07,-12.84,-21.27,-13.34,-8.58,-3.12,5.82,18.18,20.12,23.55,20.39,13.92,6.52,-4.35,-11.94,22.38,31.47,65.18,36.66,42.78,108.15,60.6,81.02,98.46,88.23,45.85,39.55,,,,,,,,,,,,
1952,CENTER,-91.304131,49.849915,399,11.8,0.24,4.53,23.5,-25.5,49,16.2,-13.5,16.2,-13.5,626,151,22,77,322,82,322,88,118,281,164,99,405.2,1300,1.82,-4.06,7.71,13.39,25.01,-25.49,-18.64,-16.24,-3.57,2.56,8.95,11.93,9.52,6.36,-2.87,-8.23,-12.99,-12.59,-6.13,-2.09,12.72,16.1,21,23.48,22.34,17.18,6.35,-0.58,-5.29,25.91,34.07,28.13,36.08,27.15,120.03,150.55,51.5,40.49,48.89,41.98,21.53,,,,,,,,,,,,
1953,CENTER,-91.304131,49.849915,399,11.3,0.24,4.61,24.5,-22.5,47,15.4,-6.8,16.9,-15.1,741,120,21,57,295,82,288,114,130,301,172,92.8,496.3,1325,1.94,-3.7,7.57,13.19,27.4,-22.47,-20.79,-11.97,-4.68,1.19,8.53,11.04,12.44,5.48,1.15,-5.37,-18.98,-11.23,-8.58,-0.62,5.91,14.92,20.85,24.05,24.51,14.6,13.02,2.05,-8.6,50.81,20.7,37.62,23.22,82.59,113.38,79.99,94.49,120.26,27.23,47.66,42.64,,,,,,,,,,,,
1954,CENTER,-91.304131,49.849915,399,11.1,0.21,4.62,24.9,-28.8,53.7,6.5,-14.1,16.4,-14.1,730,113,15,44,264,130,194,130,144,294,151,188.9,346.8,1160,0.93,-4.62,6.49,13.09,26.91,-28.77,-14.77,-17.41,-6.29,-0.59,9.65,11.03,9.54,4.87,-0.32,-5.75,-16.61,-16.56,-2.05,-3.26,3.89,10,22.2,24.93,21.28,14.34,8.54,0.61,-6.07,73.86,40.81,27.16,69.72,112.74,81.35,42.92,69.55,79.53,64.85,52.27,15.35,,,,,,,,,,,,
1955,CENTER,-91.304131,49.849915,399,11.8,0.23,5.47,26.4,-24,50.5,18.6,-8,18.6,-17.5,783,109,27,40,268,119,268,139,104,297,194,129.5,474.1,1618,1.29,-4.63,7.22,13.78,28.41,-24.01,-23.73,-21.65,0.6,4.15,10.52,14.41,12.27,5.35,0.6,-10.7,-23.35,-11.98,-10.36,-5.32,12.74,17.16,23.1,26.45,25.15,15.71,9.31,-3.77,-11.58,43.33,49.51,43.29,26.54,55.9,108.74,64.36,94.89,65.53,90.66,93.87,46.46,,,,,,,,,,,,
1956,CENTER,-91.304131,49.849915,399,11.9,0.25,4.73,24.7,-22.5,47.3,7,-13.8,16.4,-15.7,668,82,20,33,220,107,196,143,142,300,159,146.7,327.9,1174,0.44,-5.52,6.41,12.9,28.16,-20.55,-22.55,-18.35,-7.4,-0.85,10.13,9.77,9.35,3.28,1.35,-8.38,-22.05,-9.12,-8.4,-3.74,3.78,11.88,24.74,22.57,21.75,12.94,12.84,-0.91,-11.44,65.44,22.03,19.61,66.63,81.73,71.79,59.5,64.22,62.11,50.37,48.39,55.95,124.61,114.47,71.75,31.24,0,0,0,0,0,0,18.13,51.53
1957,CENTER,-91.304131,49.849915,399,12.1,0.22,5,25.9,-29.7,55.5,7.5,-17.5,16,-17.5,695,115,18,54,246,73,232,73,129,295,167,156,398.7,1215,0.45,-5.62,6.52,12.76,28.48,-29.69,-22.88,-15.91,-5.89,1.55,7.3,12.78,9.55,4.21,-0.16,-9.72,-18.62,-16.76,-9.34,-0.46,7.14,16.47,18.53,25.85,21.93,14.72,10.46,-2.61,-7.66,17.94,30,37.33,81.78,48.51,115.46,58.01,58.8,103.52,40.43,77.47,25.43,58.5,75.46,36.61,0,0,0,0,0,0,0,42.32,47.88
1958,CENTER,-91.304131,49.849915,399,11.7,0.25,4.61,21.9,-25.8,47.7,13.9,-12.1,14.1,-17.2,732,119,14,58,308,68,277,85,130,295,166,82.5,458.3,1039,0.73,-5.12,6.58,11.73,23.8,-20.53,-22.99,-11.49,-3.53,0.38,4.56,10.71,8.69,5.96,0.01,-7.41,-25.77,-9.26,-10.55,2.22,9.42,14.68,18.08,21.9,20.63,15.72,10.55,-0.34,-14.09,32.11,14.32,21.12,40.92,42.28,79.42,118.61,78.59,111.12,57.53,97.5,38.2,66.84,42.78,24.23,6.64,0,0,0,0,0,0,36.69,59.41
1959,CENTER,-91.304131,49.849915,399,11.7,0.22,5.19,24.8,-28.6,53.4,15.6,-16,17.3,-17,786,150,15,72,366,54,343,67,128,291,164,83.7,563.3,1350,0.34,-5.51,6.19,13.55,26.56,-28.61,-26.23,-14.55,-6,3.02,9.26,12.63,11.04,5.72,-1.49,-15.86,-15.08,-17.13,-9.57,0.4,6.29,13.67,22.67,24.78,23.42,16.08,5.41,-6.6,-5.19,21.27,17.49,14.77,32.62,122.79,63.32,149.88,129.38,87.03,56.01,63.16,28.56,58.85,55.95,29.03,0.01,0,0,0,0,0,0,30.14,22.43
1960,CENTER,-91.304131,49.849915,399,12,0.25,4.94,24.3,-23.3,47.6,16.4,-14.4,16.4,-16.2,643,99,19,42,228,86,228,101,126,296,171,123.7,375.6,1323,0.86,-5.13,6.84,13.19,26.01,-21.49,-22.04,-20.44,-5.15,2.45,7.86,10.42,11.44,5.18,0.18,-6.65,-23.29,-11.18,-7.12,-4.26,5.6,17.61,20.78,24.31,23.69,16.86,9.25,-1.25,-12.21,41.54,19.39,25.28,72.55,58.15,80.15,49.02,99.21,51.34,63.03,43.35,40.15,53.7,52.47,43.23,0.07,0,0,0,0,0,0,15.86,34.46
1961,CENTER,-91.304131,49.849915,399,12,0.24,4.65,25,-25.3,50.3,15.6,-12.5,17,-15,713,135,20,58,319,93,259,104,132,295,164,157.4,439.1,1321,1.78,-4.21,7.78,13.53,27.42,-25.27,-17.5,-11.43,-5.68,0.86,7.63,11.75,10.28,5.74,-0.01,-7.64,-19.24,-13.29,-5.3,1.21,6.21,16.14,22.57,24.99,24.73,15.86,9.67,-0.01,-9.45,20.06,46.45,41.76,66.42,46.83,58.12,134.88,65.78,118.76,41.63,34.76,37.71,41.51,64.88,27.43,6.41,0,0,0,0,0,0.03,8.97,23.9
1962,CENTER,-91.304131,49.849915,399,12.1,0.23,5,23.2,-28.1,51.3,15.9,-13.1,15.9,-18.5,771,163,26,63,328,106,328,120,127,300,174,142.9,508.9,1260,0.75,-5.27,6.78,12.67,25.36,-28.07,-26.35,-11.23,-7.44,3.33,8.46,9.98,9.42,4.43,1.26,-6.53,-20.56,-14.7,-11.58,0.88,5.71,16.51,23.23,22.54,21.63,15,10.99,0.93,-9.83,25.66,52.81,30.42,49.99,106.92,64.48,101.33,162.5,62.06,33.89,39.72,41.08,37.36,70.55,52.24,0.14,0,0,0,0,0,0.98,2.63,19.11
1963,CENTER,-91.304131,49.849915,399,12.3,0.23,5.46,25.4,-28.2,53.6,17.1,-16.6,17.1,-20,706,129,16,67,336,63,336,79,132,307,176,119.3,468.8,1484,1.13,-5,7.26,13.9,27.24,-28.17,-26.11,-15.84,-4.33,1.03,9.65,13.17,9.72,6.07,4.23,-5.78,-23.64,-17.61,-12.15,0.49,8.6,14.61,22.58,25.38,22.26,17.33,16.96,1.21,-12.57,18.51,28.93,15.65,55.66,94.33,129.27,106.86,100.06,42.88,19.79,62.33,31.64,33.79,56.36,12.6,0,0,0,0,0,0,0,19.61,39.54
1964,CENTER,-91.304131,49.849915,399,12.5,0.25,4.8,25.8,-24.8,50.6,15.5,-8.4,15.5,-15.6,937,170,22,61,422,116,422,142,122,290,169,118.1,637.5,1220,0.66,-5.59,6.9,12.7,28.51,-19.28,-22.19,-21.18,-5.31,4.4,6.81,12.6,8.79,4.1,-1.28,-9.74,-24.78,-8.29,-6.15,-4.2,8.79,17.8,20.02,25.82,19.17,14.55,9.2,-1.26,-12.64,73.85,21.94,35.24,58.99,60.64,148.54,103.39,169.64,125.32,49.35,44.35,46.07,79.82,65.57,65.64,0,0,0,0,0,0.01,0,23.39,56.48
1965,CENTER,-91.304131,49.849915,399,12.1,0.25,4.84,21.1,-27.5,48.6,2,-17.6,14.8,-17.6,782,123,12,50,286,89,246,89,126,298,173,118.4,498.4,1037,-0.13,-6.19,5.92,11.46,23.81,-27.5,-27.17,-21.17,-4.96,2.41,7.36,9.48,8.46,2.42,0.45,-9.67,-14.35,-13.55,-11.58,-4.62,7.47,16.57,21.14,21.13,20.95,12,9.39,-2.35,-5.52,12.25,44.53,32.43,35.87,80.16,86.13,100.12,59.94,123.04,73.95,88.8,44.46,58.47,90.62,78.79,0.36,0,0,0,0,0,0,74.77,79.4
1966,CENTER,-91.304131,49.849915,399,12.2,0.22,5.25,25.7,-29,54.7,17,-18.6,17,-18.6,697,102,22,37,250,115,250,115,144,291,148,162.8,346.8,1282,-0.12,-6.22,5.99,14.08,27.93,-28.99,-24.25,-12.55,-6.39,-1.29,9.31,13.14,9.74,4.92,-1.45,-14.48,-22.4,-16.73,-8.81,0.02,4.39,12.62,22.5,25.75,21.84,18.09,7.44,-4.62,-10.67,41.29,21.99,68.29,62.21,37.67,80.38,102.37,66.94,43.41,71.16,49.43,51.64,97.2,77.86,45.56,26.33,0,0,0,0,0,4.81,16.63,47.9
1967,CENTER,-91.304131,49.849915,399,12.2,0.23,5.03,22.8,-31.5,54.3,15.5,-16.9,15.5,-18.2,676,94,22,41,267,110,267,121,142,291,150,139.2,358.1,1161,-0.23,-6.35,5.9,13.16,24.18,-25.85,-31.46,-16.07,-6.52,-0.96,8.04,10.11,8.77,6.11,-0.78,-9.95,-17.63,-12.49,-13.44,-1.81,5.76,11.65,21.3,22.82,21.77,19.07,6.83,-2.38,-8.33,51.16,22.07,37.14,60.33,55.43,86.11,87.43,93.74,33.58,63.5,37.83,48.02,78.05,79.37,26.94,1.34,0,0,0,0,0,0.13,14.8,33.73
1968,CENTER,-91.304131,49.849915,399,11.3,0.24,4.68,22.5,-25.1,47.5,14.7,-16.8,14.7,-16.8,873,147,17,59,380,89,380,89,127,299,173,163.2,601.2,1168,0.93,-4.71,6.57,12.17,24.54,-25.02,-25.07,-11.58,-4.61,1.94,7.4,10.44,8.98,7.46,1.4,-8.52,-19.35,-11.86,-9.8,1.69,7.69,14.07,18.84,22.45,20.23,17.76,9,-1.26,-9.95,26.04,17.36,66.41,68.92,77.43,147.35,127.13,105.94,56.63,113.8,20.18,45.48,51.98,45.78,9.68,0.03,0,0,0,0,0,0,4.03,33.69
1969,CENTER,-91.304131,49.849915,399,12,0.25,4.51,24.4,-23,47.5,15.2,-6.5,15.4,-14.3,810,121,0,64,336,39,330,157,114,280,167,49.4,563.5,1128,0.93,-5.06,6.92,12.23,27.01,-23.03,-21.62,-17.83,-3.27,1.13,4.22,10.39,12.76,5.75,-3.48,-10.28,-15.48,-13.22,-5.82,-1.88,11.19,14.28,16.09,23.36,24.43,15.88,5.22,0.09,-6.57,97.83,15.77,7.11,16.25,114.09,97.19,118.59,120.63,91.19,34.54,53.6,43.38,91.59,65.53,43.26,0,0,0,0,0,0,6.23,26.69,47.85
1970,CENTER,-91.304131,49.849915,399,11.7,0.23,5.16,26,-25.7,51.7,11.3,-15.8,17.7,-17.6,853,141,20,56,359,95,275,108,136,299,164,165.4,559,1383,0.76,-5.09,6.62,13.82,27.78,-25.12,-25.66,-17.8,-6.01,0.9,9.17,13.26,10.66,6.58,1.5,-8.39,-20.22,-14.1,-10.79,-1.21,6.06,12.26,23.49,26.05,23.64,15.93,9.32,-1.28,-9.98,27.66,29.64,37.25,63.58,102.51,66.88,96.24,111.75,106.2,140.75,19.51,50.82,59.91,67.87,45.03,0.01,0,0,0,0,0,0,12.76,50.25
1971,CENTER,-91.304131,49.849915,399,11.8,0.24,4.87,22.6,-26.7,49.3,4.6,-15,15.7,-16.7,916,207,22,81,465,110,193,110,137,302,166,134.9,623.3,1263,0.94,-4.98,6.86,13,25.33,-26.65,-21.74,-16.49,-4.28,0.24,9.23,9.19,8.74,6.86,2.68,-8.26,-19.29,-16.22,-7.53,-1.28,7.41,15.04,22.59,21.94,22.62,17.56,10.59,-1.63,-8.83,21.63,64.86,23.77,40.93,84.18,89.44,72.32,30.74,206.81,188.88,68.84,23.9,57.08,71.62,71.71,0.4,0,0,0,0,0,0.06,27.11,37.53
1972,CENTER,-91.304131,49.849915,399,12.3,0.24,5.4,22.9,-28.4,51.3,13.9,-9.7,15.9,-20.3,620,121,0,65,285,75,216,103,126,286,161,75.3,410.6,1272,-0.51,-6.64,5.62,13.28,25.44,-28.37,-25.86,-17.1,-7.01,4.09,7.44,9.81,10.13,3.61,-2.13,-10.13,-24.19,-16.53,-12.62,-2.91,7.26,20.68,22.78,22.19,22.9,15,5.6,-2.84,-14.07,40.85,31.82,42.43,0.63,50.3,51.93,110.28,53.67,121.34,52.9,33.58,30.06,68.06,68.42,59.11,0.04,0.02,0,0,0,0.01,2.2,14.6,47.49
1973,CENTER,-91.304131,49.849915,399,10.9,0.24,4.61,24.2,-22.1,46.2,15.4,-10.5,16.7,-15.2,720,133,11,65,342,79,312,83,127,303,177,94.2,522.5,1348,2,-3.43,7.44,13.06,27.27,-19.82,-22.05,-8.39,-4.86,1.94,9.05,12.02,12.41,4.99,3.38,-8.48,-21.37,-8.34,-8.75,4.06,6.63,15.34,19.31,23.29,24.19,15.49,11.52,-2.46,-10.99,10.7,41.97,25.95,26.78,34.44,86.53,93.4,132.56,116.29,66.61,54.71,30.44,34.85,53.18,11.38,0,0,0,0,0,0,0,8.03,33.64
1974,CENTER,-91.304131,49.849915,399,11,0.21,4.8,25,-26.6,51.6,16.4,-15.9,16.4,-16.4,814,130,21,54,329,102,329,117,136,293,158,169.7,481.7,1111,0.41,-5.1,5.92,12.44,27.19,-26.64,-25.12,-18.06,-5.46,0.56,8.92,13.74,9.88,3.03,-0.71,-7.18,-14.18,-15.2,-9.18,-4.16,6.62,11.97,20.71,24.97,20.31,12.25,8,-0.22,-5.07,58,23.14,36.36,68.04,119.55,112.08,86.93,129.73,54.89,51.69,52.6,20.98,66.68,55.66,71.9,0.9,0,0,0,0,1.39,0,21.47,30.81
1975,CENTER,-91.304131,49.849915,399,11.3,0.24,4.85,26.4,-21.8,48.2,17.3,-8.4,17.3,-15.4,640,98,24,53,271,79,271,132,125,298,174,77.5,414.3,1421,1.62,-4.05,7.28,13.6,28.69,-20.83,-20.9,-16.06,-6.94,4.94,10.28,14.17,10.42,4.45,0.68,-7.03,-21.83,-10.87,-8.83,-3.67,5.9,18.8,21.08,26.4,21.67,14.36,9.74,1.81,-8.97,74.53,26.61,23.86,28.18,30.08,90.81,82.16,98.03,70.86,54.37,29.18,31.29,67.75,71.4,56.51,2.21,0,0,0,0,0,0.07,11.5,30.06
1976,CENTER,-91.304131,49.849915,399,12.1,0.23,5.3,25,-28.3,53.3,18,-9.4,18,-17.5,554,98,10,50,213,83,213,115,111,286,176,142.4,309,1440,0.75,-5.32,6.82,13.57,27.07,-25.47,-17.88,-16.6,-2.5,1.64,11.94,11.74,11.31,4.78,-2.32,-12.18,-28.31,-13.04,-5.27,-2.9,10.02,17.13,23.29,24.96,24.56,16.67,5.69,-4.35,-14.88,51.09,31.41,58.42,47.8,10.33,98.25,63.35,51.37,59.69,25.26,25.39,32.05,58.7,54.17,40.62,0,0,0,0,0,0,2.05,14.41,32.24
1977,CENTER,-91.304131,49.849915,399,10.5,0.2,4.91,24.1,-27.1,51.2,15.5,-16.9,16.2,-16.9,770,124,25,52,320,121,302,121,117,298,182,120.1,520.5,1439,2.07,-3.16,7.31,13.35,26.45,-27.12,-17.7,-8.42,-2.83,8.53,9.46,12.24,8.66,6.15,0.9,-7.64,-20.19,-16.12,-7.76,2.83,10.84,22.49,20.15,24.09,18.43,15.22,10.67,-0.7,-12.46,25.73,43.9,51.87,25.13,86.64,124.12,91.11,104.83,88.18,25.24,52.21,51.09,49.6,68.97,25.1,0.03,0,0,0,0,0,0,28.75,39.03
1978,CENTER,-91.304131,49.849915,399,11.1,0.23,5.19,22.8,-26,48.8,14.3,-15.3,15.9,-18.5,678,118,12,71,320,54,304,59,123,296,174,61.4,506.5,1368,0.49,-5.04,6.02,13.31,24.43,-25.96,-23.17,-15.58,-5.44,5.38,8.07,11.47,11.46,7.35,0.84,-11.27,-23.62,-15.56,-10.03,-1.73,6.89,18.1,20.09,22.85,21.32,16.16,9.45,-2.79,-12.52,16.61,12.36,25.47,19.16,118.28,86.19,115.77,102.45,64.15,33.98,52.95,30.41,51.38,53.27,42.95,5.22,0,0,0,0,0,0,30.69,44.94
1979,CENTER,-91.304131,49.849915,399,10.8,0.2,5.02,25.5,-27.8,53.3,15,-12.8,16.4,-17.4,639,104,13,45,242,79,241,86,131,291,161,151.6,373.1,1216,0.24,-5.19,5.66,12.86,27.61,-27.84,-25.93,-14.04,-5.83,1.6,8.18,12.99,9.73,4.61,-0.91,-9.47,-15.31,-16.74,-13.39,-2.31,5.9,12.74,21.14,25.46,20.71,16.37,5.46,-2.19,-5.18,13.27,40.14,62.11,47.17,39.56,62.67,74.3,104.07,64.1,66.45,32.73,32.57,44.81,67.86,58.24,0,0,0,0,0,0,0.1,12.92,27.06
1980,CENTER,-91.304131,49.849915,399,11.7,0.24,5.07,24.6,-23.8,48.3,14.7,2.2,16.7,-17.1,601,116,0,73,323,64,261,95,114,284,171,82,421.7,1389,0.96,-4.89,6.82,13.54,26.56,-23.75,-22.51,-18.6,-3.33,6.26,8.76,13.04,11.1,4.01,-2.18,-8.45,-23.08,-11.91,-9.5,-2.85,11.48,20.31,20.79,24.57,21.74,14,5.34,-0.4,-11.74,38.8,30.09,34.58,9.85,19.91,54.29,106.61,100.52,115.75,43.77,20.43,26.24,47.89,59.69,49.79,0,0,0,0,0,0,0.15,8.66,31.22
1981,CENTER,-91.304131,49.849915,399,10.7,0.22,4.42,26.3,-21.5,47.9,14.7,-10.4,17.6,-13.4,502,129,17,74,206,66,199,68,122,288,167,72.8,333.8,1395,2.82,-2.53,8.17,13.75,28.64,-21.52,-16.78,-9.35,-3.38,2.47,8.89,13.55,12.47,5.08,-0.9,-3.81,-17.13,-9.7,-6.24,1.38,8.19,16.86,20,26.35,24.45,15.91,6.56,3.62,-9.3,16.91,22.55,26.64,22.63,41.67,129.07,35.17,35.07,65.21,53.6,24.44,28.58,28.82,20.97,11.99,0,0,0,0,0,0,0,15.94,12.51
1982,CENTER,-91.304131,49.849915,399,11.5,0.2,5.11,24.5,-32.5,57,14.4,-17.6,15.1,-17.6,722,129,14,60,295,80,288,80,124,299,176,89.1,530.4,1255,0.31,-5.45,6.07,12.56,27.11,-32.51,-23.13,-16.04,-6.84,5.71,7.19,12.28,8.32,5.15,1.76,-11.44,-15.8,-18.11,-9.88,-2.53,6.59,17.63,18.14,24.48,20.21,15.81,8.97,-2.05,-6.39,36.53,14.44,43.58,26.13,93.03,69.27,128.8,89.89,76.56,90.25,24.24,29.38,53.67,53.22,50.14,0.01,0,0,0,0,0.01,0,1.96,10.31
1983,CENTER,-91.304131,49.849915,399,10.7,0.2,4.99,26.8,-25.6,52.3,19,-5.4,19,-15.5,628,119,0,65,278,50,278,83,140,297,158,48.7,428.5,1521,2.28,-3.08,7.63,15.06,29.28,-20.49,-16.57,-11.1,-4.88,-0.17,9.35,15.12,14.34,7.71,0.72,-5.36,-25.6,-8.81,-6.15,-0.65,7.15,13.66,21.93,26.69,26.75,17.8,8.68,0,-15.44,25.94,26.12,14.03,9.67,39.32,119.09,97.89,61.24,75.37,66.75,61.55,30.82,23.16,42.65,22.07,0,0,0,0,0,0,0,44.08,49.48
1984,CENTER,-91.304131,49.849915,399,11.5,0.22,4.87,25.4,-27.6,53,17.7,-3.9,17.7,-14.5,620,129,10,71,306,47,306,97,107,301,195,51.5,461,1397,2.05,-3.7,7.8,12.64,28.54,-27.63,-12.11,-17.63,-1.3,1.55,9.46,12.62,13.16,4.6,2.22,-8.48,-20.92,-13.73,-2.35,-2.66,12.91,14.36,21.44,24.37,25.39,13.94,10.56,-0.26,-10.39,34.21,16.37,10.08,20.94,24.67,129.26,108.73,68.23,58.49,66.32,36.53,46.5,57.76,56.2,47.36,0.57,0,0,0,0,0,0.67,3.01,31.25
1985,CENTER,-91.304131,49.849915,399,10.8,0.23,4.94,22.4,-24.2,46.7,13.9,-17.9,14.6,-17.9,923,174,17,67,363,71,316,71,117,295,179,130.3,652.9,1174,0.3,-5.09,5.69,12.01,24.58,-24.24,-22.94,-9.99,-2.43,4.84,6.33,11.07,9.89,5.02,0.06,-15.64,-23,-13.63,-9.88,1.77,8.84,16.89,17.81,22.45,20.23,14.51,9.43,-6.32,-13.78,35.12,18.75,19.32,101.82,113.2,126.85,66.81,121.94,174.45,47.42,79.92,17.18,41.97,48.85,20.07,0.01,0,0,0,0,0,0,43.81,38.27
1986,CENTER,-91.304131,49.849915,399,11,0.24,4.48,24,-21.5,45.6,14.5,-13.5,16,-13.5,705,123,20,53,278,97,234,97,112,292,181,138.9,461.1,1326,1.95,-3.56,7.47,12.76,26.04,-21.54,-19.56,-11.29,-1.25,5.34,7.53,12.95,9.44,4.9,-1.05,-12.94,-15.26,-10.57,-8.44,1,9.78,19.07,20.55,24.02,21.53,14.29,8.14,-4.42,-5.34,37.63,39.45,20.77,92.18,49.65,79.6,80.87,73.76,122.95,39.65,49.03,19.63,49.29,69.48,15.01,1.31,0,0,0,0,0,0,16.84,20.25
1987,CENTER,-91.304131,49.849915,399,10.9,0.26,4.02,24.3,-17.9,42.2,15.7,-1.2,17.3,-9.7,621,137,0,78,314,52,312,70,108,284,177,54.3,461.5,1519,4.05,-1.42,9.53,14.02,25.93,-17.91,-11.8,-9.97,-1.02,4.43,10.75,12.7,10.43,7.09,-1.94,-6.75,-13.07,-7.86,-2.6,2.47,15.62,18.04,23.81,24.3,21.92,17.49,5.69,0.68,-5.22,18.15,24.51,20.14,7.53,67.46,54.7,136.89,120.59,56.71,50.34,36.53,27.61,35.21,43.31,1.59,0,0,0,0,0,0,0,2.88,22.94
1988,CENTER,-91.304131,49.849915,399,11.1,0.21,5.34,26,-25.9,51.8,18.4,-18.1,18.4,-18.1,790,121,0,58,343,95,343,95,119,284,166,118.3,511.2,1565,1.38,-4.15,6.91,14.91,27.61,-25.43,-25.87,-13.76,-3.89,5.11,11.38,13.27,12.5,6.88,-1.85,-7.02,-21.13,-14.12,-11.8,-2.58,8.88,19.62,24.52,25.95,22.53,15.35,6.48,-1.51,-10.4,19.26,23.9,87.14,5.23,58.43,102.68,121.19,118.7,85.59,63.11,53.67,51.36,32.57,44.31,67.76,0,0,0,0,0,0,17.75,40.99,68.79
1989,CENTER,-91.304131,49.849915,399,11.9,0.22,5.45,26.6,-26.4,53,17.3,-10.1,17.3,-18.4,535,126,13,70,250,64,250,78,125,294,170,65.6,354.6,1505,0.48,-5.48,6.44,14.32,28.85,-20.92,-25.47,-17.87,-5.99,3.72,8.28,13.7,11.58,6.63,0.03,-13.05,-26.43,-9.39,-12.9,-4.38,6.19,18.63,20.63,26.6,22.98,18.21,10.3,-4.37,-15.16,41.19,13.99,37.06,12.51,54.04,125.64,46.61,77.68,38.41,25.43,39.15,23.19,79.13,81.98,69.87,0.35,0,0,0,0,0,0.02,12.1,32.47
1990,CENTER,-91.304131,49.849915,399,11.6,0.25,4.61,24,-22.7,46.7,17.1,-11.1,17.1,-15.1,742,179,19,66,336,108,336,123,127,291,165,113.9,463.9,1330,1.9,-3.91,7.7,13.51,26.21,-19.45,-22.33,-11.39,-4.5,1.88,9.59,12.21,11.35,5.72,-0.63,-6.66,-22.69,-7.5,-7.07,1.41,7.71,15.07,21.35,23.98,23.9,16.62,7.94,0.39,-11.35,53.58,19.19,35.44,57.09,42.86,179,81.35,75.47,59.74,53.18,34.36,50.63,46.82,50.43,7.16,0,0,0,0,0,0,0,14.81,40.18
1991,CENTER,-91.304131,49.849915,399,11.4,0.22,5.01,25.6,-26.3,51.9,1.2,-12.5,18.4,-15,829,162,13,63,306,79,249,88,109,286,178,94,558.6,1588,2.18,-3.5,7.87,14.34,28.53,-26.3,-18.36,-12.29,-1.15,6.71,11.96,12.37,12.31,5.38,-2.15,-12.19,-18.28,-14.46,-4.69,0.83,12.02,18.93,24.63,23.73,25.64,14.75,5.89,-4.71,-8.17,39.91,13.34,26.2,70.88,89.07,117.19,89.71,41.62,162.42,50.02,93.82,34.8,56.38,42.35,23.33,0,0,0,0,0,0,0,30.25,40.59
1992,CENTER,-91.304131,49.849915,399,10.1,0.26,4.21,20.2,-19.3,39.5,13.3,-11.3,14.2,-13.4,845,181,18,77,463,89,368,130,125,290,166,110.4,604.9,1109,1.08,-3.96,6.11,12.15,22.24,-19.27,-17.34,-13.95,-5.2,4.07,7.21,9.25,9.8,5.46,-1.09,-8.51,-17.91,-8.84,-6.89,-1.67,4.23,17.53,18.89,19.72,20.21,15.38,7.76,-2.86,-10.12,31.08,39.82,17.91,49.54,57.93,66.54,120.68,180.69,162.11,29.77,30.24,58.74,52,69.53,49.54,2.64,0,0,0,0,0,0,10,40.36
1993,CENTER,-91.304131,49.849915,399,10.6,0.24,4.51,22.3,-22.3,44.6,14.1,-12.3,16.3,-14.7,688,147,0,92,415,41,372,49,123,286,164,43.2,557.8,1177,1.05,-4.24,6.35,12.56,25.07,-22.33,-21.86,-11.42,-4.27,3.33,8.49,12.64,12.17,3.12,-2.28,-11.78,-16.74,-10.99,-8.12,0.9,7.74,15.63,20.02,22.09,22.28,12.24,5.25,-2.91,-7.95,16.93,7.02,17.53,17.5,32.06,83.74,141.57,147,126.19,51.44,21.33,25.37,42.34,38.59,4.92,7.19,0,0,0,0,0,6.18,18.37,8.65
1994,CENTER,-91.304131,49.849915,399,11.1,0.2,5.06,23.1,-30.9,54,16.3,-15.9,16.3,-17.2,747,121,15,58,315,62,315,77,125,304,180,70.5,531.8,1414,1.79,-3.75,7.32,13.29,25.55,-30.88,-24.19,-10.73,-5.44,3.44,10.42,11.61,9.79,7.66,2.87,-5.95,-13.54,-19.03,-11.68,1.14,7.17,17.1,23.15,22.78,20.31,17.96,10.79,2.11,-4,24.3,14.67,22.78,27.7,74.19,81.17,120.54,113.19,69.8,80.12,79.94,38.42,38.83,24.8,14.97,0.26,0,0,0,0,0,0,14.96,22.18
1995,CENTER,-91.304131,49.849915,399,11,0.22,5.1,26,-23,49,15.5,-7.4,18.6,-15.8,718,111,20,44,260,80,244,140,127,295,169,83.1,441.9,1490,1.21,-4.28,6.69,14.23,29.32,-19.45,-23.01,-10.53,-6.16,3.28,12.29,12.31,12.82,5.15,-0.18,-16.39,-21.44,-9.98,-10.32,0.51,4.98,15.45,25.98,23.43,24.82,16,7.12,-6.97,-10.71,54.98,35.44,20.39,23.84,71.79,76.81,111.16,55.84,77.03,82.42,58.92,49.68,59.73,67.74,1.44,0,0,0,0,0,0,1.81,26.35,51.3
1996,CENTER,-91.304131,49.849915,399,10.9,0.21,5.29,24.1,-28.1,52.2,11.6,-9.2,17.6,-17.4,883,117,22,42,324,116,284,156,133,294,162,115.1,507.8,1423,0.31,-5.13,5.76,14.17,26.76,-28.11,-21.13,-17.74,-7.2,1.13,10.69,11.87,12.4,7.41,-0.05,-12.17,-18.66,-16.23,-9.46,-4.03,4.57,14.14,23.9,22.75,24.13,17.32,8.11,-5.07,-11.01,54.53,52.56,21.95,41.37,60.79,81.27,100.13,102.35,103.96,117.45,97.54,48.66,78.09,97.37,76.33,0.84,0,0,0,0,0,5.84,14.5,44.11
1997,CENTER,-91.304131,49.849915,399,11.3,0.23,4.72,24.6,-23.8,48.4,3.4,-13.6,17.4,-13.9,634,103,18,53,234,79,190,93,137,293,157,112.6,364.5,1383,1.68,-3.99,7.35,14.29,27.02,-23.75,-20.8,-15.81,-5.91,0.46,10.58,12.5,10.33,7.23,-0.24,-10.4,-12.1,-13.64,-7.31,-2.29,7.44,12.9,24.06,24.64,22.58,18.24,8.81,-3.19,-4.05,38.49,17.87,36.71,42.71,50.53,61.52,102.66,26.09,93.15,82.37,58.76,23.03,60.04,60.55,61.54,0,0,0,0,0,0,0.07,12.22,17.66
1998,CENTER,-91.304131,49.849915,399,10.7,0.25,4.24,25.1,-18.4,43.5,12.5,-1.5,17.7,-10.2,659,117,10,67,283,45,213,70,111,299,189,46.8,505.5,1601,4.14,-1.22,9.51,13.93,27.37,-18.42,-8.76,-11.67,-1.73,4.68,10.31,12.34,12.67,7.75,1.16,-6.53,-16.42,-9.04,-0.24,0.54,13.14,18.65,21.05,24.73,25.08,18.74,9.78,-0.17,-8.19,33.59,20.36,13.79,10.36,104.06,62.76,61.52,88.97,77.51,116.93,53.25,15.8,42.18,18.3,0.77,0,0,0,0,0,0,0,7.06,10.24
1999,CENTER,-91.304131,49.849915,399,11,0.23,4.38,25.2,-23.6,48.8,15.6,-9.9,17.4,-12.6,805,163,14,68,306,65,262,85,112,289,178,118,593,1474,3.27,-2.23,8.78,13.64,27.1,-23.6,-15.15,-11.29,-1.77,5.14,9.71,13.82,11.24,6.81,-0.77,-5.1,-15.81,-12.22,-3.02,1.97,11.43,17.76,21.73,25.15,22.55,15.41,7.09,3.08,-5.62,15.58,34.09,46.92,48.61,92.5,124.19,88.95,48.61,163.29,93.12,13.96,35.46,15.4,25.71,5.89,0.02,0,0,0,0,0,0,6.22,26.09
2000,CENTER,-91.304131,49.849915,399,11.2,0.23,4.67,23.7,-25.2,48.9,15.9,-15.9,15.9,-15.9,844,172,17,66,401,79,401,79,124,299,176,117.9,593.4,1309,2.05,-3.53,7.63,12.93,25.77,-24.15,-16.34,-7.8,-5.23,4.57,7.37,12.28,11.64,5.37,0.79,-5.66,-25.24,-10.82,-3.18,4.58,7.89,16.58,18.14,23.7,22.29,16.01,11.8,0.12,-15.54,28.72,17.3,42.54,52.58,90.73,172.02,84.07,144.75,62.94,55.06,60.74,32.79,36.56,6.28,0.69,0,0.01,0,0,0,0,0,5.29,23.1
2001,CENTER,-91.304131,49.849915,399,10.7,0.22,4.46,25.4,-22.5,47.9,15.4,-11.6,18,-12.5,934,142,19,55,397,95,338,129,114,294,181,135.1,621.2,1544,3.51,-1.84,8.86,13.92,27.72,-17.85,-22.5,-11.94,-1.57,5.1,10.01,12.7,12.96,6.25,0.02,-2.84,-12.41,-6.67,-10.79,-0.03,8.89,17.77,22.56,24.35,25.39,17.78,7.89,3.87,-4.72,41.38,34.2,19.01,97.69,123.74,131.78,141.56,64.42,50.75,119.4,56.98,53.16,37.36,54.66,19.31,0.02,0,0,0,0,0,0.01,18.46,27.95
2002,CENTER,-91.304131,49.849915,399,10.7,0.23,4.67,27.2,-19.3,46.6,18.2,-11.7,18.2,-12.3,719,181,14,76,345,73,345,82,140,282,143,133.7,443.6,1468,1.79,-3.55,7.13,15.67,29.67,-19.33,-17,-18.38,-5.1,-0.24,10.33,14.57,12.37,8.45,-3.23,-10.83,-14.25,-9.59,-4.3,-5.02,5.62,13.02,21.98,27.25,23.01,19.07,3.35,-3.02,-5.81,25.63,14.07,41.89,49.95,73.24,180.56,59.37,105.08,42.16,66.15,27.77,33.11,34.76,36.26,41.08,0.07,0,0,0,0,0,12.57,21.54,29.87
2003,CENTER,-91.304131,49.849915,399,11.1,0.22,5.04,25.2,-25.5,50.7,16.8,-15,18.2,-15.3,704,140,16,72,368,54,299,66,123,294,172,83.9,519.8,1590,2.05,-3.51,7.61,14.65,27.63,-22.43,-25.48,-14.42,-4.74,4.26,9.96,12.52,13.53,7.85,0.22,-8.96,-14.38,-12.62,-12.16,-2.75,7.73,19.33,23.23,24.78,25.22,17.06,8.07,-1.93,-4.7,16.48,16.3,21.33,43.84,48.25,71.32,127.56,100.56,140.05,45.97,39.4,33.39,32.66,34.17,1.03,0.03,0,0,0,0,0.03,1.28,13.99,23.12
2004,CENTER,-91.304131,49.849915,399,11,0.22,4.66,23.6,-27.5,51.1,11,-5,15.1,-16.1,875,126,22,50,333,117,303,141,135,298,164,159.5,549.7,1183,1.3,-4.21,6.82,12.61,25.84,-27.55,-16.37,-12.4,-4.46,0.48,7.54,11.71,8.02,8.77,1.02,-5.7,-21.59,-16.3,-4.9,0.58,7.3,11.98,19.02,23.6,19.24,19.22,9.6,2.47,-9.96,49.98,23.22,50.44,43.07,125.96,80.77,79.02,100.05,123.93,108.89,21.8,67.51,48.62,46.5,34.27,0.08,0,0,0.05,0,0,0.02,7.65,50.81
2005,CENTER,-91.304131,49.849915,399,11.2,0.22,4.8,25.3,-24.9,50.3,15.1,-5.1,17.7,-14.2,816,146,21,57,350,86,281,107,107,299,193,84.2,551.6,1533,2.53,-3.05,8.11,13.38,27.39,-24.93,-18.6,-16.27,-1.04,3.56,11.48,12.93,11.42,7.43,1.51,-8.99,-15.16,-13.13,-5.35,-1.35,12.03,14.8,22.43,25.34,22.51,18.84,9.72,-0.76,-7.81,48.02,20.62,25.99,39.67,117.26,145.69,86.91,48.22,77.48,64.49,102.72,38.46,70.5,73.49,43.34,0.3,0.05,0,0,0,0.01,0.02,21.85,38.91
2006,CENTER,-91.304131,49.849915,399,11.2,0.23,4.39,26.5,-23.1,49.7,16,-4.9,18.1,-11.8,523,88,11,53,225,71,182,78,106,285,180,80,338.3,1551,3.55,-2.08,9.17,14.08,28.34,-14.68,-23.14,-10.12,-0.37,5.43,10.2,13.22,11.2,5.19,-1.74,-6.85,-13.25,-5.24,-9.92,0.98,13.39,16.93,23.58,26.51,23.9,17.21,6.75,0.61,-4.66,38.19,11.17,44.31,15.99,80.61,56.63,87.94,37.18,48.91,40.91,31.9,28.93,42.78,50.55,18.41,0.05,0.02,0,0,0,0,3.1,3.92,11.03
2007,CENTER,-91.304131,49.849915,399,10.6,0.22,4.94,25.2,-23.7,48.9,15.9,-12.8,17.6,-16,907,144,17,64,361,77,311,88,123,301,179,96.8,693.6,1540,2.12,-3.19,7.44,14.04,27.01,-20,-23.7,-11.82,-5.39,5.25,11.09,13.55,11.2,7.12,2.65,-8.54,-19.74,-9.48,-12.89,0.85,8.42,17.9,22.38,25.17,22.18,16.82,9.84,-1.65,-10.28,23.74,16.72,36.9,38.29,123.2,134,103.45,73.66,143.82,129.81,36.18,47.14,26.61,35.46,0.65,0.15,0.03,0.01,0,0,0,0,16.98,35.29
